{
"lengthUnit": "mil",
"components": {
	"fields": ["COMPONENT_NO", "COMPONENT_NAME", "LAYER", "X_COORDINATE", "Y_COORDINATE", "ANGLE"],
	"rows": [
		[1, "BAT1", "T", 511.81, -472.44, 0],
		[2, "C1", "T", 1181.1, -1417.32, 180],
		[3, "C2", "T", 2185.04, -649.61, 180],
		[4, "C3", "T", 2185.04, -492.13, 180],
		[5, "C4", "T", 1358.27, -1417.32, 0],
		[6, "C5", "T", 1181.1, -866.14, 0],
		[7, "C6", "T", 1712.6, -1417.32, 0],
		[8, "C7", "T", 1889.76, -1417.32, 180],
		[9, "DS1", "T", 1535.43, -1240.16, 0],
		[10, "LS1", "T", 2657.48, -807.09, 270],
		[11, "P1", "T", 2401.57, -433.07, 90],
		[12, "R1", "T", 2421.26, -748.03, 0],
		[13, "R2", "T", 2047.24, -1181.1, 270],
		[14, "R3", "T", 2204.72, -1181.1, 270],
		[15, "R4", "T", 1535.43, -1417.32, 180],
		[16, "R5", "T", 314.96, -1102.36, 90],
		[17, "R6", "T", 314.96, -1574.8, 90],
		[18, "R7", "T", 2066.93, -1417.32, 180],
		[19, "R8", "T", 944.88, -1338.58, 270],
		[20, "R9", "T", 118.11, -1338.58, 90],
		[21, "R10", "T", 708.66, -1574.8, 90],
		[22, "SW1", "T", 2362.2, -157.48, 180],
		[23, "SW2", "T", 2519.69, -1338.58, 0],
		[24, "SW3", "T", 511.81, -1102.36, 0],
		[25, "SW4", "T", 511.81, -1574.8, 0],
		[26, "SW5", "T", 748.03, -1338.58, 180],
		[27, "SW6", "T", 314.96, -1338.58, 0],
		[28, "U1", "T", 2204.72, -866.14, 180]
	]
},
"pins": {
	"fields": ["PIN_NO", "PIN_NAME", "PIN_X", "PIN_Y", "LAYER", "PIN_TYPE", "NET_NAME", "NET_TYPE", "PAD_SHAPE", "PAD_SIZEX", "PAD_SIZEY", "HOLE_SIZE", "PAD_ANGLE"],
	"rows": [
		[1, "BAT1_1", 79.33, -472.44, "T", "SMD", "$1N14627", "", "R", 70.87, 228.35, 0, 0],
		[2, "BAT1_2", 511.81, -472.44, "T", "SMD", "GND", "GND", "R", 196.85, 196.85, 0, 0],
		[3, "BAT1_3", 944.29, -472.44, "T", "SMD", "$1N14627", "", "R", 70.87, 228.35, 0, 0],
		[4, "C1_1", 1220.47, -1417.32, "T", "SMD", "$1N4829", "", "R", 55.51, 53.15, 0, 180],
		[5, "C1_2", 1141.73, -1417.32, "T", "SMD", "$1N4825", "", "R", 55.51, 53.15, 0, 180],
		[6, "C2_1", 2224.41, -649.61, "T", "SMD", "GND", "GND", "R", 55.51, 53.15, 0, 180],
		[7, "C2_2", 2145.67, -649.61, "T", "SMD", "VCC", "", "R", 55.51, 53.15, 0, 180],
		[8, "C3_1", 2224.41, -492.13, "T", "SMD", "GND", "GND", "R", 55.51, 53.15, 0, 180],
		[9, "C3_2", 2145.67, -492.13, "T", "SMD", "VCC", "", "R", 55.51, 53.15, 0, 180],
		[10, "C4_1", 1318.9, -1417.32, "T", "SMD", "$1N4838", "", "R", 55.51, 53.15, 0, 0],
		[11, "C4_2", 1397.64, -1417.32, "T", "SMD", "$1N4846", "", "R", 55.51, 53.15, 0, 0],
		[12, "C5_1", 1141.73, -866.14, "T", "SMD", "GND", "GND", "R", 55.51, 53.15, 0, 0],
		[13, "C5_2", 1220.47, -866.14, "T", "SMD", "VCC", "", "R", 55.51, 53.15, 0, 0],
		[14, "C6_1", 1673.23, -1417.32, "T", "SMD", "GND", "GND", "R", 55.51, 53.15, 0, 0],
		[15, "C6_2", 1751.97, -1417.32, "T", "SMD", "$1N5188", "", "R", 55.51, 53.15, 0, 0],
		[16, "C7_1", 1929.13, -1417.32, "T", "SMD", "GND", "GND", "R", 55.51, 53.15, 0, 180],
		[17, "C7_2", 1850.39, -1417.32, "T", "SMD", "$1N5195", "", "R", 55.51, 53.15, 0, 180],
		[18, "DS1_1", 1135.83, -1240.16, "T", "SMD", "GND", "GND", "R", 19.68, 78.74, 0, 0],
		[19, "DS1_2", 1163.39, -1240.16, "T", "SMD", "$1N4825", "", "R", 19.68, 78.74, 0, 0],
		[20, "DS1_3", 1190.95, -1240.16, "T", "SMD", "$1N4829", "", "R", 19.68, 78.74, 0, 0],
		[21, "DS1_4", 1218.51, -1240.16, "T", "SMD", "$1N4838", "", "R", 19.68, 78.74, 0, 0],
		[22, "DS1_5", 1246.06, -1240.16, "T", "SMD", "$1N4846", "", "R", 19.68, 78.74, 0, 0],
		[23, "DS1_6", 1273.62, -1240.16, "T", "SMD", "VCC", "", "R", 19.68, 78.74, 0, 0],
		[24, "DS1_7", 1301.18, -1240.16, "T", "SMD", "DS1_7", "", "R", 19.68, 78.74, 0, 0],
		[25, "DS1_8", 1328.74, -1240.16, "T", "SMD", "GND", "GND", "R", 19.68, 78.74, 0, 0],
		[26, "DS1_9", 1356.3, -1240.16, "T", "SMD", "VCC", "", "R", 19.68, 78.74, 0, 0],
		[27, "DS1_10", 1383.86, -1240.16, "T", "SMD", "GND", "GND", "R", 19.68, 78.74, 0, 0],
		[28, "DS1_11", 1411.42, -1240.16, "T", "SMD", "VCC", "", "R", 19.68, 78.74, 0, 0],
		[29, "DS1_12", 1438.98, -1240.16, "T", "SMD", "GND", "GND", "R", 19.68, 78.74, 0, 0],
		[30, "DS1_13", 1466.54, -1240.16, "T", "SMD", "GND", "GND", "R", 19.68, 78.74, 0, 0],
		[31, "DS1_14", 1494.1, -1240.16, "T", "SMD", "$1N12611", "", "R", 19.68, 78.74, 0, 0],
		[32, "DS1_15", 1521.65, -1240.16, "T", "SMD", "GND", "GND", "R", 19.68, 78.74, 0, 0],
		[33, "DS1_16", 1549.21, -1240.16, "T", "SMD", "GND", "GND", "R", 19.68, 78.74, 0, 0],
		[34, "DS1_17", 1576.77, -1240.16, "T", "SMD", "GND", "GND", "R", 19.68, 78.74, 0, 0],
		[35, "DS1_18", 1604.33, -1240.16, "T", "SMD", "SCL", "", "R", 19.68, 78.74, 0, 0],
		[36, "DS1_19", 1631.89, -1240.16, "T", "SMD", "SDA", "", "R", 19.68, 78.74, 0, 0],
		[37, "DS1_20", 1659.45, -1240.16, "T", "SMD", "SDA", "", "R", 19.68, 78.74, 0, 0],
		[38, "DS1_21", 1687.01, -1240.16, "T", "SMD", "GND", "GND", "R", 19.68, 78.74, 0, 0],
		[39, "DS1_22", 1714.57, -1240.16, "T", "SMD", "GND", "GND", "R", 19.68, 78.74, 0, 0],
		[40, "DS1_23", 1742.13, -1240.16, "T", "SMD", "GND", "GND", "R", 19.68, 78.74, 0, 0],
		[41, "DS1_24", 1769.69, -1240.16, "T", "SMD", "GND", "GND", "R", 19.68, 78.74, 0, 0],
		[42, "DS1_25", 1797.24, -1240.15, "T", "SMD", "GND", "GND", "R", 19.68, 78.74, 0, 0],
		[43, "DS1_26", 1824.8, -1240.16, "T", "SMD", "$1N5181", "", "R", 19.68, 78.74, 0, 0],
		[44, "DS1_27", 1852.36, -1240.16, "T", "SMD", "$1N5188", "", "R", 19.68, 78.74, 0, 0],
		[45, "DS1_28", 1879.92, -1240.16, "T", "SMD", "$1N5195", "", "R", 19.68, 78.74, 0, 0],
		[46, "DS1_29", 1907.48, -1240.15, "T", "SMD", "GND", "GND", "R", 19.68, 78.74, 0, 0],
		[47, "DS1_30", 1935.04, -1240.16, "T", "SMD", "GND", "GND", "R", 19.68, 78.74, 0, 0],
		[48, "LS1_1", 2747.54, -875.99, "T", "SMD", "LS1_1", "", "R", 44.09, 95.47, 0, 90],
		[49, "LS1_2", 2747.54, -738.19, "T", "SMD", "VCC", "", "R", 44.09, 95.47, 0, 90],
		[50, "LS1_3", 2567.42, -738.19, "T", "SMD", "$1N9610", "", "R", 44.09, 95.47, 0, 90],
		[51, "P1_1", 2401.58, -533.07, "T", "SMD", "VCC", "", "R", 39.37, 78.74, 0, 90],
		[52, "P1_2", 2401.58, -433.07, "T", "SMD", "GND", "GND", "R", 39.37, 78.74, 0, 90],
		[53, "P1_3", 2401.58, -333.07, "T", "SMD", "DIO", "", "R", 39.37, 78.74, 0, 90],
		[54, "R1_1", 2381.89, -748.03, "T", "SMD", "BEEP", "", "R", 44.59, 54.21, 0, 0],
		[55, "R1_2", 2460.63, -748.03, "T", "SMD", "$1N9610", "", "R", 44.59, 54.21, 0, 0],
		[56, "R2_1", 2047.24, -1141.73, "T", "SMD", "SDA", "", "R", 44.59, 54.21, 0, 270],
		[57, "R2_2", 2047.24, -1220.47, "T", "SMD", "VCC", "", "R", 44.59, 54.21, 0, 270],
		[58, "R3_1", 2204.72, -1141.73, "T", "SMD", "SCL", "", "R", 44.59, 54.21, 0, 270],
		[59, "R3_2", 2204.72, -1220.47, "T", "SMD", "VCC", "", "R", 44.59, 54.21, 0, 270],
		[60, "R4_1", 1574.8, -1417.32, "T", "SMD", "VCC", "", "R", 44.59, 54.21, 0, 180],
		[61, "R4_2", 1496.06, -1417.32, "T", "SMD", "$1N12611", "", "R", 44.59, 54.21, 0, 180],
		[62, "R5_1", 314.96, -1141.73, "T", "SMD", "VCC", "", "R", 44.59, 54.21, 0, 90],
		[63, "R5_2", 314.96, -1062.99, "T", "SMD", "$1N3406", "", "R", 44.59, 54.21, 0, 90],
		[64, "R6_1", 314.96, -1614.17, "T", "SMD", "VCC", "", "R", 44.59, 54.21, 0, 90],
		[65, "R6_2", 314.96, -1535.43, "T", "SMD", "$1N3419", "", "R", 44.59, 54.21, 0, 90],
		[66, "R7_1", 2106.3, -1417.32, "T", "SMD", "GND", "GND", "R", 44.59, 54.21, 0, 180],
		[67, "R7_2", 2027.56, -1417.32, "T", "SMD", "$1N5181", "", "R", 44.59, 54.21, 0, 180],
		[68, "R8_1", 944.88, -1299.21, "T", "SMD", "VCC", "", "R", 44.59, 54.21, 0, 270],
		[69, "R8_2", 944.88, -1377.95, "T", "SMD", "$1N3469", "", "R", 44.59, 54.21, 0, 270],
		[70, "R9_1", 118.11, -1377.95, "T", "SMD", "VCC", "", "R", 44.59, 54.21, 0, 90],
		[71, "R9_2", 118.11, -1299.21, "T", "SMD", "$1N3474", "", "R", 44.59, 54.21, 0, 90],
		[72, "R10_1", 708.66, -1614.17, "T", "SMD", "PAD", "", "R", 44.59, 54.21, 0, 90],
		[73, "R10_2", 708.66, -1535.43, "T", "SMD", "GND", "GND", "R", 44.59, 54.21, 0, 90],
		[74, "SW1_0", 2511.81, -96.1, "T", "SMD", "SW1_0", "", "R", 39.37, 39.37, 0, 180],
		[75, "SW1_0", 2212.59, -96.1, "T", "SMD", "SW1_A_0", "", "R", 39.37, 39.37, 0, 180],
		[76, "SW1_0", 2511.81, -182.72, "T", "SMD", "SW1_B_0", "", "R", 39.37, 39.37, 0, 180],
		[77, "SW1_0", 2212.59, -182.72, "T", "SMD", "SW1_C_0", "", "R", 39.37, 39.37, 0, 180],
		[78, "SW1_1", 2450.78, -218.86, "T", "SMD", "VCC", "", "R", 39.37, 55.12, 0, 180],
		[79, "SW1_2", 2332.67, -218.86, "T", "SMD", "$1N14627", "", "R", 39.37, 55.12, 0, 180],
		[80, "SW1_3", 2273.62, -218.86, "T", "SMD", "SW1_3", "", "R", 39.37, 55.12, 0, 180],
		[81, "SW2_1", 2401.58, -1279.53, "T", "SMD", "ACT", "", "R", 59.05, 59.05, 0, 0],
		[82, "SW2_2", 2637.8, -1279.53, "T", "SMD", "SW2_2", "", "R", 59.05, 59.05, 0, 0],
		[83, "SW2_3", 2401.58, -1397.63, "T", "SMD", "GND", "GND", "R", 59.05, 59.05, 0, 0],
		[84, "SW2_4", 2637.8, -1397.63, "T", "SMD", "SW2_4", "", "R", 59.05, 59.05, 0, 0],
		[85, "SW3_1", 393.7, -1043.31, "T", "SMD", "$1N3406", "", "R", 59.05, 59.05, 0, 0],
		[86, "SW3_2", 629.92, -1043.31, "T", "SMD", "SW3_2", "", "R", 59.05, 59.05, 0, 0],
		[87, "SW3_3", 393.7, -1161.41, "T", "SMD", "PAD", "", "R", 59.05, 59.05, 0, 0],
		[88, "SW3_4", 629.92, -1161.41, "T", "SMD", "SW3_4", "", "R", 59.05, 59.05, 0, 0],
		[89, "SW4_1", 393.7, -1515.75, "T", "SMD", "$1N3419", "", "R", 59.05, 59.05, 0, 0],
		[90, "SW4_2", 629.92, -1515.75, "T", "SMD", "SW4_2", "", "R", 59.05, 59.05, 0, 0],
		[91, "SW4_3", 393.7, -1633.85, "T", "SMD", "PAD", "", "R", 59.05, 59.05, 0, 0],
		[92, "SW4_4", 629.92, -1633.85, "T", "SMD", "SW4_4", "", "R", 59.05, 59.05, 0, 0],
		[93, "SW5_1", 866.14, -1397.63, "T", "SMD", "$1N3469", "", "R", 59.05, 59.05, 0, 180],
		[94, "SW5_2", 629.92, -1397.63, "T", "SMD", "SW5_2", "", "R", 59.05, 59.05, 0, 180],
		[95, "SW5_3", 866.14, -1279.53, "T", "SMD", "PAD", "", "R", 59.05, 59.05, 0, 180],
		[96, "SW5_4", 629.92, -1279.53, "T", "SMD", "SW5_4", "", "R", 59.05, 59.05, 0, 180],
		[97, "SW6_1", 196.85, -1279.53, "T", "SMD", "$1N3474", "", "R", 59.05, 59.05, 0, 0],
		[98, "SW6_2", 433.07, -1279.53, "T", "SMD", "SW6_2", "", "R", 59.05, 59.05, 0, 0],
		[99, "SW6_3", 196.85, -1397.63, "T", "SMD", "PAD", "", "R", 59.05, 59.05, 0, 0],
		[100, "SW6_4", 433.07, -1397.63, "T", "SMD", "SW6_4", "", "R", 59.05, 59.05, 0, 0],
		[101, "U1_1", 2279.72, -756.06, "T", "SMD", "BEEP", "", "O", 25.59, 80, 0, 180],
		[102, "U1_2", 2229.72, -756.06, "T", "SMD", "GND", "GND", "O", 25.59, 80, 0, 180],
		[103, "U1_3", 2179.72, -756.06, "T", "SMD", "ACT", "", "O", 25.59, 80, 0, 180],
		[104, "U1_4", 2129.72, -756.06, "T", "SMD", "VCC", "", "O", 25.59, 80, 0, 180],
		[105, "U1_5", 2129.72, -976.22, "T", "SMD", "SDA", "", "O", 25.59, 80, 0, 180],
		[106, "U1_6", 2179.72, -976.22, "T", "SMD", "SCL", "", "O", 25.59, 80, 0, 180],
		[107, "U1_7", 2229.72, -976.22, "T", "SMD", "PAD", "", "O", 25.59, 80, 0, 180],
		[108, "U1_8", 2279.72, -976.22, "T", "SMD", "DIO", "", "O", 25.59, 80, 0, 180]
	]
}
}